{
  "Ranker": {
    "all": 1134.888938519085,
    "bull": 1213.9753402711272,
    "bear": 1075.2127087003846,
    "allCount": 266,
    "bullCount": 163,
    "bearCount": 104,
    "por": -594.5375318988007
  },
  "RSI": {
    "all": 1059.9989630965615,
    "bull": 1171.755109811007,
    "bear": 932.0273557282686,
    "allCount": 238,
    "bullCount": 142,
    "bearCount": 97,
    "por": -279.4000532903816
  },
  "GoldenAndDeathCross": {
    "all": 1100.0809600500654,
    "bull": 1097.3374129932388,
    "bear": 1181.0756439141553,
    "allCount": 254,
    "bullCount": 171,
    "bearCount": 84,
    "por": -186.98362508267655
  },
  "OBV": {
    "all": 1095.3468872489104,
    "bull": 1020.2386842731368,
    "bear": 1260.8220130531106,
    "allCount": 233,
    "bullCount": 133,
    "bearCount": 101,
    "por": -158.13419452652272
  },
  "MFI": {
    "all": 1101.7696339343488,
    "bull": 1234.4705142774378,
    "bear": 977.0116734134596,
    "allCount": 246,
    "bullCount": 141,
    "bearCount": 106,
    "por": -33.619450820600164
  },
  "FastMultiCurrency": {
    "all": 996.8811197937003,
    "bull": 925.6537869340997,
    "bear": 1137.6588315056933,
    "allCount": 252,
    "bullCount": 140,
    "bearCount": 113,
    "por": -453.15764739873873
  },
  "VolumeWeightedBollingerBands": {
    "all": 926.1395640970389,
    "bull": 1032.553283615706,
    "bear": 770.8600891517266,
    "allCount": 221,
    "bullCount": 140,
    "bearCount": 82,
    "por": -405.15049897688925
  },
  "VolumeWeightedCross": {
    "all": 1029.1976783812324,
    "bull": 1027.8450425066867,
    "bear": 1107.0169993189634,
    "allCount": 221,
    "bullCount": 126,
    "bearCount": 96,
    "por": -227.72473347739538
  },
  "TrendGuesser": {
    "all": 1154.0331875805255,
    "bull": 1224.2405973865427,
    "bear": 1113.2521695424152,
    "allCount": 233,
    "bullCount": 130,
    "bearCount": 104,
    "por": -123.55165916452336
  },
  "MACD": {
    "all": 932.1157285018794,
    "bull": 887.2882962610153,
    "bear": 1048.8209322583702,
    "allCount": 245,
    "bullCount": 134,
    "bearCount": 112,
    "por": -186.65067276469406
  },
  "TrendFollower": {
    "all": 743.01428774363,
    "bull": 698.8080058529271,
    "bear": 871.0968632972098,
    "allCount": 248,
    "bullCount": 140,
    "bearCount": 109,
    "por": -1374.6668329228264
  },
  "SlowVWCross": {
    "all": 1181.7427434739516,
    "bull": 1133.5291901923374,
    "bear": 1303.398817774409,
    "allCount": 243,
    "bullCount": 139,
    "bearCount": 105,
    "por": -55.56822871962261
  },
  "MultiCurrency": {
    "all": 965.1771311845391,
    "bull": 938.7905422512027,
    "bear": 1076.0638010962396,
    "allCount": 258,
    "bullCount": 160,
    "bearCount": 99,
    "por": -596.9518692822918
  },
  "VWMACD": {
    "all": 638.5929481396756,
    "bull": 654.2834987561483,
    "bear": 663.2398931870442,
    "allCount": 217,
    "bullCount": 135,
    "bearCount": 83,
    "por": -847.0216350981535
  },
  "VWCrossover": {
    "all": 966.1035429833446,
    "bull": 902.7336142531377,
    "bear": 1118.5577065009543,
    "allCount": 219,
    "bullCount": 137,
    "bearCount": 83,
    "por": -626.8066292466902
  },
  "BollingerBands": {
    "all": 806.5330343497292,
    "bull": 874.6019346888785,
    "bear": 773.7727841572256,
    "allCount": 236,
    "bullCount": 135,
    "bearCount": 102,
    "por": -397.3256228877241
  },
  "HODL": {
    "all": 1175.820325186559,
    "bull": 1334.3485767508291,
    "bear": 1035.366008836122,
    "allCount": 224,
    "bullCount": 124,
    "bearCount": 101,
    "por": 0
  },
  "RealStoch": {
    "all": 761.5963007488738,
    "bull": 824.6821850759691,
    "bear": 713.5462792020567,
    "allCount": 221,
    "bullCount": 132,
    "bearCount": 90,
    "por": -508.9150305096886
  },
  "FasterVWCross": {
    "all": 1160.9634507484952,
    "bull": 1102.2500058624914,
    "bear": 1308.6575188765758,
    "allCount": 206,
    "bullCount": 113,
    "bearCount": 94,
    "por": -27.103843338922943
  },
  "FastVWCrossover": {
    "all": 754.7989283849114,
    "bull": 754.049345300107,
    "bear": 836.6884478299046,
    "allCount": 212,
    "bullCount": 126,
    "bearCount": 87,
    "por": -516.2091141879251
  },
  "SuperMACD": {
    "all": 852.0560040298179,
    "bull": 903.6571019265781,
    "bear": 936.4789485872549,
    "allCount": 29,
    "bullCount": 18,
    "bearCount": 12,
    "por": -924.2459513337593
  },
  "BBMomentum": {
    "all": 1240.2276653544602,
    "bull": 1185.3092679123224,
    "bear": 1410.6794061002913,
    "allCount": 30,
    "bullCount": 21,
    "bearCount": 10,
    "por": -150.2719311246371
  }
}